band,first,last,photoName,major,grad,role,linkedIn,email,newPhoto
executives,Kian,Kazranian,Kian_Kazranian,Mathematics Economics,2026,Co-President,https://www.linkedin.com/in/kiankazranian,,
executives,Ammar,Wahab,Ammar_Wahab,Business Economics,2026,Co-President,https://www.linkedin.com/in/ammarwahab,,
executives,Rianne,Ke,Rianne_Ke,Environmental Science,2028,VP of External Relations,https://www.linkedin.com/in/rianne-ke-3b89192a5,,
executives,Carlie,Harwood,Carlie_Harwood,Business Economics,2028,VP of Internal Relations,https://www.linkedin.com/in/carlie-harwood,,
executives,Kit,He,Kit_He,Film & Television,2027,VP of Internal Relations,https://www.linkedin.com/in/kit-jiaying-he-542260298/,,
executives,Ryan,Kobayashi,Ryan_Kobayashi,Economics & Communications,2028,Director of Membership,https://www.linkedin.com/in/ryan-kobayashi-ucla,,
executives,Liam,Holmes,Liam_Holmes,Mathematics Economics,2028,Director of Consulting,https://www.linkedin.com/in/liam-holmes-baa378251,,
executives,Jai,Raman,Jai_Raman,Music Industry & Economics,2028,Director of Finance,https://www.linkedin.com/in/jairaman06,,
executives,Sebastine,Chun,Sebastine_Chun,Political Science,2028,Director of Marketing,https://www.linkedin.com/in/sebastinechun,,
executives,Connor,Chung,Connor_Chung,Computer Science + Linguistics,2028,Director of Tech,https://www.linkedin.com/in/connorjchung,,
advisoryBoard,Adrienne,Lee,Adrienne_Lee,Public Affairs & Statistics and Data Science,2027,Former President,https://www.linkedin.com/in/adrienne-lee-11457026b/,adrienneleehs@gmail.com,
advisoryBoard,Giselle,Carlos,Giselle_Carlos,Political Science & Minor in Film and TV,2027,Former Vice President of Internal,https://www.linkedin.com/in/giselle-carlos-03449b298/,gisellecarlos@ucla.edu,
advisoryBoard,Caleb,Chor,Caleb_Chor,Cognitive Science & Philosophy,2027,Former Vice President of Membership,https://www.linkedin.com/in/caleb-chor/,calebchor27@ucla.edu,
advisoryBoard,Bek,Tan,Bek_Tan,Cognitive Science,2027,Former Vice President of Projects,https://www.linkedin.com/in/bektan/,bekytan13@ucla.edu,
advisoryBoard,Kimberly,Cui,Kimberly_Cui,Statistics and Data Science & Economics,2027,Former Vice President of Finance,https://www.linkedin.com/in/kimberlycui/,kcui@ucla.edu,
advisoryBoard,Ethan,Huang,Ethan_Huang,Computer Science,2027,Former Vice President of Technology,https://www.linkedin.com/in/ethanwhuang/,ewchuang@ucla.edu,
advisoryBoard,Allison,McCabe,Alli_Mccabe,Cognitive Science,2027,Former Vice President of Marketing,https://www.linkedin.com/in/allison-mccabe-2b1aa420b/,alliymcc@ucla.edu,
advisoryBoard,Dlency,Zheng,Dlency_Zheng,Economics & Music Industry,2027,Former Vice President of External Affairs,https://www.linkedin.com/in/dlencyzheng/,dlencyz@gmail.com,
consultants,Riya,Patel,Riya_Patel,Business Economics & Digital Humanities,2027,Consultant,https://www.linkedin.com/in/riya-patel-555977281,,
consultants,Heidi,Yu,Heidi_Yu,Statistics & Data Science,2026,Consultant,https://www.linkedin.com/in/heidijyyu,,
consultants,Ashlyn,Chin,Ashlyn_Chin,Chemical Engineering,2027,Consultant,https://www.linkedin.com/in/ashlync128,,
consultants,Jesse,Acosta-Huerta,Jesse_Acosta_Huerta,Business Economics,2026,Consultant,https://www.linkedin.com/in/jesseacosta-huerta,,
consultants,Aidan,Singh,Aidan_Singh,Economics & Psychology,2026,Consultant,https://www.linkedin.com/in/aidansingh,,
consultants,Luisa,Chen,Luisa_Chen,Business Economics & Cognitive Science,2027,Consultant,https://www.linkedin.com/in/luisachen05,,
consultants,Tia,Breaux,Tia_Breaux,Political Science,2027,Consultant,https://www.linkedin.com/in/tia-breaux,,
consultants,Jack,Booher,Jack_Booher,Business Economics,2028,Consultant,https://www.linkedin.com/in/jack-booher-581aa1258,,
consultants,Anannya,Shah,Anannya_Shah,Cognitive Science,2028,Consultant,https://www.linkedin.com/in/anannya-shah,,
consultants,Vivaan,Turakhia,Vivaan_Turakhia,Economics & Psychology,2027,Consultant,https://www.linkedin.com/in/vivaanturakhia,,
consultants,Matthew,Ybarra,Matthew_Ybarra,Economics,2028,Consultant,https://www.linkedin.com/in/matthew-a-ybarra,,
consultants,Gina,Decas,Gina_Decas,Business Economics,2027,Consultant,https://www.linkedin.com/in/gina-decas-0428a8338,,
consultants,Khushi,Tekriwal,Khushi_Tekriwal,Statistics and Data Science & Mathematics,2027,Consultant,https://www.linkedin.com/in/khushi-tekriwal/details/education/,,
consultants,Piper,Tenney,Piper_Tenney,Business Economics,2028,Consultant,https://www.linkedin.com/in/piper-tenney-b735b0276/,,
consultants,Kalani,Caetano,Kalani_Caetano,Statistics and Data Science & Economics,2027,Consultant,https://www.linkedin.com/in/kalanicaetano/,,
consultants,Kayla,Kinsey,Kayla_Kinsey,Cognitive Science & Minor in Film/Digital Media,2028,Consultant,https://www.linkedin.com/in/kayla-kinsey-015343331/,,
consultants,Priyal,Sharma,Priyal_Sharma,Statistics and Data Science,2027,Consultant,https://www.linkedin.com/in/priyalsh/,,
consultants,Danny,Guo,Danny_Guo,Statistics and Data Science & Economics,2028,Consultant,https://www.linkedin.com/in/bohan-guo-9078a8326/,,
consultants,Irvin,Qi,Irvin_Qi,Computer Science,2027,Consultant,https://www.linkedin.com/in/irvin-qi,,
consultants,Annika,Chatradhi,,Statistics and Data Science,2028,Consultant,https://www.linkedin.com/in/coxautomotive/,,annika_headshot.jpg
